Maintainer, coder:
==================
Vlatko Kosturjak - KoSt, kost@iname.com, http://surf.to/kost, CVS:kost

Developers:
(if you want to be a developer, see HACKING for details)
=========================================================
Robert Avilov - DryLLaR, ravilov@iname.com, http://www.foi.hr/~ravilov, CVS: ravilov
Dobrica Pavlinusic, dpavlin@linux.hr, http://www.foi.hr/~dpavlin/, CVS: dpavlin
Gregory T. Norris, haphazard@socket.net, CVS: adric
Edgar Bonet Orozco, edgar@bonet.polycnrs-gre.fr

Contributors - code, ideas, spelling... (in completely random order):
(if I forgot somebody or misspelled somebody or anything e-mail me)
=====================================================================
Olaf Tuinder, olaf@warserver.warande.uu.nl
Hans Jorgensen, borisj@get2net.dk
Sinisa Lolic - Vegi, vegi@usa.net
Marcus Herbert - rhoenie, rhoenie@rhohost.chillout.org
Jwit, jwit@sinnerz.com
Folkert van Heusden, flok99@dds.nl
Bjoern Bendix, bbendix@primusnetz.de
Dezso E. Moldvai, MDE, mde@thepentagon.com
Mike Kershaw, dragorn@melchior.nerv-un.net
c.o.d @ WLU
Wolfram Kleff, wkleff@bigfoot.com
Michiel Steltman, Michiel.Steltman@siennax.com
Doug Schieferstine, doschie@global2000.net
Javi Polo, javipolo@infomail.lacaixa.es
Jochem Wichers Hoeth, wiho@chem.uva.nl
Ian Kumlien, iank@smi.mas.lu.se
Miodrag Vallat, miodrag@multimania.com
Norman Meilick, alvin@gmx.de
J. Padfield, olorin@netlink.com.au
Marc Quinton, Marc.Quinton@stna.dgac.fr
Dop Ganger, dop@fop.ns.ca
Michael, nouse@gmx.de
Ian Bishop, ibishop@globec.com.au
Groovy Pants Gus, gus@SB7.YOONIX.NET
Gerald Swann, gswann@pompano.pcola.gulf.net
Eric Hedberg, hedberge@gridley.acns.CARLETON.edu
Robert Szarka, szarka@downcity.net
Michel Arboi, arboi@bigfoot.com
David Grant, dave@reach.net
Scott Edwards, scott.edwards@iname.com
Martin Kammerhofer, dada@sbox.tu-graz.ac.at
Michel Kaempf, maxx@via.ecp.fr
Chris Knipe, savage@savage.za.org
Justin Wienckowski, jwiencko@vt.edu
Daniel P. Stasinski, dannys@karemor.com
Larry Reckner, larryr@Capital.NET
Ivan Brozovic, ibrozovi@linux.hr

